"stock","OM","MP","optimised","period","generations","fitness","lag_idx","range_idx_1","range_idx_2","range_catch","exp_r","exp_f","exp_b","interval","multiplier","upper_constraint","lower_constraint","risk_Blim","risk_Blim_max","risk_Bmsy","risk_halfBmsy","risk_collapse","SSB","Fbar","Catch","SSB_rel","Fbar_rel","Catch_rel","ICV","1:5_risk_Blim","1:5_risk_Blim_max","1:5_risk_Bmsy","1:5_risk_halfBmsy","1:5_risk_collapse","1:5_SSB","1:5_Fbar","1:5_Catch","1:5_SSB_rel","1:5_Fbar_rel","1:5_Catch_rel","1:5_ICV","6:10_risk_Blim","6:10_risk_Blim_max","6:10_risk_Bmsy","6:10_risk_halfBmsy","6:10_risk_collapse","6:10_SSB","6:10_Fbar","6:10_Catch","6:10_SSB_rel","6:10_Fbar_rel","6:10_Catch_rel","6:10_ICV","11:20_risk_Blim","11:20_risk_Blim_max","11:20_risk_Bmsy","11:20_risk_halfBmsy","11:20_risk_collapse","11:20_SSB","11:20_Fbar","11:20_Catch","11:20_SSB_rel","11:20_Fbar_rel","11:20_Catch_rel","11:20_ICV","1:10_risk_Blim","1:10_risk_Blim_max","1:10_risk_Bmsy","1:10_risk_halfBmsy","1:10_risk_collapse","1:10_SSB","1:10_Fbar","1:10_Catch","1:10_SSB_rel","1:10_Fbar_rel","1:10_Catch_rel","1:10_ICV","1:20_risk_Blim","1:20_risk_Blim_max","1:20_risk_Bmsy","1:20_risk_halfBmsy","1:20_risk_collapse","1:20_SSB","1:20_Fbar","1:20_Catch","1:20_SSB_rel","1:20_Fbar_rel","1:20_Catch_rel","1:20_ICV","file","idxB_lag","idxB_range_3","comp_b_multiplier"
"ple.27.7e","baseline","rfb","default","11-20",NA,0.605938424498047,1,2,3,1,1,1,1,2,0.95,1.2,0.7,0.0102,0.04,0.55765,0.2477,0,8906.43682600738,0.109095874873833,1067.35867020287,0.890223782561136,0.654787638551503,0.62661110720806,0.19999999999992,0.0274,0.04,0.9738,0.707,0,4010.4674676959,0.25546640254695,1070.466431434,0.400857670545124,1.53329576069137,0.628435571430201,0.300000000000216,0.0132,0.025,0.684,0.2088,0,7758.71193553783,0.12599631960021,1084.47024499369,0.775505403787052,0.756223208921619,0.636656748963806,0.199999999884828,1e-04,0.001,0.2864,0.0375,0,13431.7233579126,0.0734986765898421,1032.14517514499,1.34253908803123,0.441135147745778,0.605938424498047,0.199999999742542,0.0203,0.04,0.8289,0.4579,0,5366.18606944543,0.170458769994953,1078.67712791755,0.536365614441807,1.02308447138325,0.633255800804013,0.200000000686768,0.0102,0.04,0.55765,0.2477,0,8906.43682600738,0.109095874873833,1067.35867020287,0.890223782561136,0.654787638551503,0.62661110720806,0.19999999999992,"output/ple.27.7e/baseline/1000_20/rfb/mp_1_2_3_1_1_1_1_2_0.95_1.2_0.7.rds",NA,NA,NA
"ple.27.7e","baseline","rfb","multiplier","11-20",1,0.920539177956733,1,2,3,1,1,1,1,2,1.16,1.2,0.7,0.0329,0.04,0.69085,0.34695,0,6901.7468077707,0.183505812377984,1292.16861005576,0.689849293215857,1.10139212583807,0.758589615703078,0.200000000000016,0.028,0.04,0.9748,0.7144,0,3991.12416222293,0.27524796025642,1163.59320793979,0.398924251951159,1.65202361794934,0.683107233511627,0.300000000000007,0.0358,0.039,0.725,0.2842,0,7041.25710988482,0.169178833400133,1293.96230971493,0.703793746118911,1.01540236001665,0.759642637672921,0.199999999994607,0.0339,0.04,0.5318,0.1946,0,9517.68914353858,0.156124818181165,1568.03073509402,0.951320196406786,0.937052854971398,0.920539180017886,0.199999999961339,0.0319,0.04,0.8499,0.4993,0,5010.26483199609,0.216002420260259,1263.28366379108,0.500790270846401,1.29643503796263,0.741632215472167,0.200000000145144,0.0329,0.04,0.69085,0.34695,0,6901.7468077707,0.183505812377984,1292.16861005576,0.689849293215857,1.10139212583807,0.758589615703078,0.200000000000016,"output/ple.27.7e/baseline/1000_20/rfb/mp_1_2_3_1_1_1_1_2_1.16_1.2_0.7.rds",NA,NA,NA
"ple.27.7e","baseline","rfb","all","11-20",11,1.04538040100761,0,5,4,1,1.7,1.7,1.9,2,1.65,1.2,0.7,0.0183,0.055,0.6306,0.2841,0,7840.68789698337,0.153674112372163,1306.02968259319,0.783699135118984,0.922343849050534,0.766726994685642,0.20000000002025,0.0246,0.043,0.9746,0.7124,0,3972.32240173063,0.246855096513927,950.429894722817,0.397044962323752,1.48161115988746,0.557966075773489,0.299999995956767,0.003,0.013,0.6724,0.173,0,8007.87531558094,0.121510154079767,1091.58637264284,0.800409994813846,0.729297482071918,0.640834393039552,0.200000000000202,0.0228,0.055,0.4377,0.1255,0,11016.1727279038,0.14882375038669,1792.08362925679,1.10109790781254,0.893232234388102,1.05207325193189,0.199999999999996,0.0138,0.043,0.8235,0.4427,0,5495.71290371277,0.158375893150903,1081.44868069372,0.549312191237584,0.950563687212685,0.634882888119876,0.200000002722081,0.0183,0.055,0.6306,0.2841,0,7840.68789698337,0.153674112372163,1306.02968259319,0.783699135118984,0.922343849050534,0.766726994685642,0.20000000002025,"output/ple.27.7e/baseline/1000_20/rfb/mp_0_5_4_1_1.7_1.7_1.9_2_1.65_1.2_0.7.rds",NA,NA,NA
"cod.27.47d20","baseline","rfb","default","11-20",NA,0.179930562996727,1,2,3,1,1,1,1,2,0.95,1.2,0.7,0.05855,0.993,0.10625,0.028,0,285209.271938481,0.0355681825101687,10599.2138692003,3.16241866658829,0.0826329950512935,0.191350968327933,0.200000000004025,0.231,0.993,0.4198,0.1094,0,105055.616295865,0.0689322535711864,10511.0065536747,1.16486339923634,0.160145336821579,0.18975853369573,0.432991613603179,0.0016,0.002,0.0024,0.0016,0,271892.265421573,0.036796428406243,12497.7937925268,3.014758845763,0.0854864902228016,0.225626633604597,0.200000000000147,8e-04,0.002,0.0014,5e-04,0,355436.676086084,0.0243886604144332,9966.62068382927,3.94110461979365,0.0566604170667807,0.179930562996727,0.200000000000008,0.1163,0.993,0.2111,0.0555,0,190072.314093425,0.0510032970045195,11958.0979118281,2.10753398725527,0.118492284157876,0.215883332766562,0.200000000011275,0.05855,0.993,0.10625,0.028,0,285209.271938481,0.0355681825101687,10599.2138692003,3.16241866658829,0.0826329950512935,0.191350968327933,0.200000000004025,"output/cod.27.47d20/baseline/1000_20/rfb/mp_1_2_3_1_1_1_1_2_0.95_1.2_0.7.rds",NA,NA,NA
"cod.27.47d20","baseline","rfb","multiplier","11-20",1,0.576949114965101,1,2,3,1,1,1,1,2,1.73,1.2,0.7,0.09045,0.993,0.15985,0.0447,0,202138.775659777,0.118379522261021,26942.2809404961,2.24132768560788,0.275022612537844,0.486397539529606,0.200000000000929,0.281,0.993,0.5154,0.1106,0,88232.9973864427,0.154171206870718,22274.5024250681,0.978333123770635,0.358174853909328,0.402128654130199,0.20000000042805,0.0156,0.017,0.0296,0.0134,0,207763.315499185,0.104115500497879,27566.6234512117,2.30369294343494,0.241884038773828,0.497668992815485,0.200000000000568,0.0326,0.054,0.0472,0.0274,0,259887.229382744,0.101703908656902,32095.0292359695,2.88164623759209,0.236281361251459,0.579421738121735,0.20000000000025,0.1483,0.993,0.2725,0.062,0,143728.843853269,0.131178859337845,22789.8667970813,1.59367462228498,0.304758389928962,0.411432690527936,0.20000000000231,0.09045,0.993,0.15985,0.0447,0,202138.775659777,0.118379522261021,26942.2809404961,2.24132768560788,0.275022612537844,0.486397539529606,0.200000000000929,"output/cod.27.47d20/baseline/1000_20/rfb/mp_1_2_3_1_1_1_1_2_1.73_1.2_0.7.rds",NA,NA,NA
"cod.27.47d20","baseline","rfb","all","11-20",13,0.7903319870314,0,4,3,1,0.1,1.3,0.4,4,1.06,1.2,0.7,0.1103,0.993,0.21215,0.04035,2e-04,166315.036081903,0.176195517814383,35508.8142639902,1.84411176770285,0.409342348247721,0.64105188153014,0.19999999914628,0.373,0.993,0.652,0.1282,0,73466.1176198299,0.231836424330736,27064.8486786482,0.814597015530528,0.538608856355096,0.488610293765025,0.114966430735589,0.0266,0.044,0.081,0.0102,0,174582.090590868,0.145750366229024,32538.7715724185,1.93577739736195,0.338611321730706,0.587432759204568,NA,0.0208,0.05,0.0578,0.0115,4e-04,215092.129218685,0.167490715310907,43780.1753141824,2.38495529915349,0.389119107940558,0.790377384900102,0.199999999947865,0.1998,0.993,0.3665,0.0692,0,115397.738114454,0.185388949752766,31588.289566945,1.27953750807209,0.430700786105816,0.570273406221408,0.14007384358307,0.1103,0.993,0.21215,0.04035,2e-04,166315.036081903,0.176195517814383,35508.8142639902,1.84411176770285,0.409342348247721,0.64105188153014,0.19999999914628,"output/cod.27.47d20/baseline/1000_20/rfb/mp_0_4_3_1_0.1_1.3_0.4_4_1.06_1.2_0.7.rds",NA,NA,NA
"her.27.3a47d","baseline","rfb","default","11-20",NA,0.741971288930003,1,2,3,1,1,1,1,2,0.9,1.2,0.7,0.0154,0.03,0.0525,0.00045,0,1733846.03757545,0.163734250426949,329746.910800643,1.64694793922122,0.4461252023987,0.817191940499718,0.129185835812497,0.0118,0.02,0.0636,0,0,1550872.66504358,0.205469000327581,382781.619439687,1.47314495308924,0.559839490630565,0.948624669805193,0.0849571858019426,0.0256,0.03,0.0686,4e-04,0,1705473.09578024,0.171040377837444,338343.058483843,1.61999701220315,0.46603214038668,0.838495256394324,0.146453740443622,0.0121,0.019,0.0389,7e-04,0,1860855.60959285,0.137153368168039,299394.46083845,1.76759195741095,0.373700517601411,0.741971288930003,0.154052128792147,0.0187,0.03,0.0661,2e-04,0,1617455.47366613,0.190060887412884,357125.29578079,1.53639071832559,0.517857147445026,0.885042145662674,0.105841625832052,0.0154,0.03,0.0525,0.00045,0,1733846.03757545,0.163734250426949,329746.910800643,1.64694793922122,0.4461252023987,0.817191940499718,0.129185835812497,"output/her.27.3a47d/baseline/1000_20/rfb/mp_1_2_3_1_1_1_1_2_0.9_1.2_0.7.rds",NA,NA,NA
"her.27.3a47d","baseline","rfb","multiplier","11-20",1,0.815952619860814,1,2,3,1,1,1,1,2,0.93,1.2,0.7,0.03465,0.059,0.09605,0.0022,0,1608246.13517766,0.195273077111899,360301.319006505,1.52764293985133,0.532058752658047,0.892913093040444,0.132234015608018,0.017,0.03,0.0798,2e-04,0,1516789.33297817,0.220910684462456,399825.720456024,1.44076983310141,0.601913305010175,0.990864040447954,0.0552849703043287,0.0502,0.059,0.1206,0.0016,0,1590733.12133838,0.201267523295607,368647.446523906,1.51100765538715,0.548391764901982,0.913596798992513,0.152490664809511,0.0357,0.043,0.0919,0.0035,0,1673539.02262274,0.171253146957878,329246.8465188,1.5896634330745,0.466611870447253,0.81595266126019,0.166096180951761,0.0336,0.059,0.1002,9e-04,0,1546349.15551271,0.213714905903002,385522.953688809,1.46884815594667,0.582307033519135,0.955418353631251,0.10153252049978,0.03465,0.059,0.09605,0.0022,0,1608246.13517766,0.195273077111899,360301.319006505,1.52764293985133,0.532058752658047,0.892913093040444,0.132234015608018,"output/her.27.3a47d/baseline/1000_20/rfb/mp_1_2_3_1_1_1_1_2_0.93_1.2_0.7.rds",NA,NA,NA
"her.27.3a47d","baseline","rfb","all","11-20",18,0.886730347366822,0,2,3,1,1.2,1.5,1.4,3,0.94,1.2,0.7,0.02935,0.053,0.08465,0.00085,0,1630095.08965927,0.187942158202697,348890.983377039,1.5483968532772,0.512084265502134,0.864635544383033,0.199999999717011,0.006,0.013,0.0384,0,0,1616744.11304755,0.184531935400558,328990.016253043,1.53571501017191,0.502792462877687,0.815316174256436,0.221427999229882,0.0272,0.036,0.0814,4e-04,0,1665093.31163308,0.191079694520647,375677.4779594,1.5816410100864,0.520633081777462,0.931018903165062,0.169901332618556,0.0421,0.053,0.1094,0.0015,0,1621360.79835953,0.189462235161083,358174.126014188,1.54010031324717,0.516226005174518,0.887641398561222,0.192407412109078,0.0166,0.036,0.0599,2e-04,0,1636119.42321486,0.187154187626747,337535.238994336,1.55411925510501,0.509937289339461,0.836493285929762,0.200000000001192,0.02935,0.053,0.08465,0.00085,0,1630095.08965927,0.187942158202697,348890.983377039,1.5483968532772,0.512084265502134,0.864635544383033,0.199999999717011,"output/her.27.3a47d/baseline/1000_20/rfb/mp_0_2_3_1_1.2_1.5_1.4_3_0.94_1.2_0.7.rds",NA,NA,NA
"ple.27.7e","baseline","2over3","default","1-20",NA,-0.23440532216541,NA,NA,NA,NA,NA,NA,NA,2,NA,NA,NA,0.11155,0.142,0.75255,0.45145,0,5611.79006840172,0.219266644532429,1304.10091338613,0.560914435169369,1.31602673843113,0.76559467783459,0.199999999984084,0.0678,0.124,0.9836,0.7844,0,3657.6175930209,0.379164299656652,1391.98822867618,0.365589318425658,2.2757239600703,0.81719042486963,0.200000000000293,0.1362,0.142,0.8262,0.4584,0,5439.50933375918,0.238322142240255,1362.5876649211,0.543694483997869,1.43039682217591,0.799930322599036,0.199999999788031,0.1211,0.134,0.6002,0.2815,0,8366.42221357121,0.151160435137175,1248.770718132,0.836247780674788,0.907256891980142,0.733112143258247,0.199999999808828,0.102,0.142,0.9049,0.6214,0,4169.23658600069,0.309617212942979,1377.23641793103,0.416727097097218,1.85830604458956,0.808530122833967,0.199999999999991,0.11155,0.142,0.75255,0.45145,0,5611.79006840172,0.219266644532429,1304.10091338613,0.560914435169369,1.31602673843113,0.76559467783459,0.199999999984084,"output/ple.27.7e/baseline/1000_20/2over3/mp.rds",NA,NA,NA
"ple.27.7e","baseline","2over3","default","11-20",NA,-0.266887856741753,NA,NA,NA,NA,NA,NA,NA,2,NA,NA,NA,0.11155,0.142,0.75255,0.45145,0,5611.79006840172,0.219266644532429,1304.10091338613,0.560914435169369,1.31602673843113,0.76559467783459,0.199999999984084,0.0678,0.124,0.9836,0.7844,0,3657.6175930209,0.379164299656652,1391.98822867618,0.365589318425658,2.2757239600703,0.81719042486963,0.200000000000293,0.1362,0.142,0.8262,0.4584,0,5439.50933375918,0.238322142240255,1362.5876649211,0.543694483997869,1.43039682217591,0.799930322599036,0.199999999788031,0.1211,0.134,0.6002,0.2815,0,8366.42221357121,0.151160435137175,1248.770718132,0.836247780674788,0.907256891980142,0.733112143258247,0.199999999808828,0.102,0.142,0.9049,0.6214,0,4169.23658600069,0.309617212942979,1377.23641793103,0.416727097097218,1.85830604458956,0.808530122833967,0.199999999999991,0.11155,0.142,0.75255,0.45145,0,5611.79006840172,0.219266644532429,1304.10091338613,0.560914435169369,1.31602673843113,0.76559467783459,0.199999999984084,"output/ple.27.7e/baseline/1000_20/2over3/mp.rds",NA,NA,NA
"ple.27.7e","baseline","2over3_XSA","default","1-20",NA,-0.233417379776462,NA,NA,NA,NA,NA,NA,NA,1,NA,NA,NA,0.0679,0.12,0.7156,0.3791,0,6483.85394380093,0.185880606779855,1305.78375759743,0.648079708663014,1.1156455155308,0.766582620223538,0.0121759697638972,0.0668,0.12,0.9828,0.7818,0,3660.58299933692,0.366242560697583,1185.95429093588,0.365885719251157,2.19816837010163,0.696234688570282,0.199999998259476,0.0956,0.115,0.7836,0.363,0,6315.37784023742,0.173229513620792,1116.34675699047,0.63124004122749,1.03971432725904,0.655370398867861,3.4651924107898e-09,0.0546,0.059,0.548,0.1858,0,9326.83427933341,0.151715263948727,1489.25132377059,0.932243707969032,0.910586944997605,0.874290383308161,0.010105618418533,0.0812,0.12,0.8832,0.5724,0,4454.45163037978,0.245880645915681,1178.17185227802,0.445235154877303,1.47576255922453,0.691665875255392,0.0177770232641088,0.0679,0.12,0.7156,0.3791,0,6483.85394380093,0.185880606779855,1305.78375759743,0.648079708663014,1.1156455155308,0.766582620223538,0.0121759697638972,"output/ple.27.7e/baseline/1000_20/2over3_XSA/mp.rds",NA,NA,NA
"ple.27.7e","baseline","2over3_XSA","default","11-20",NA,0.605348961938166,NA,NA,NA,NA,NA,NA,NA,1,NA,NA,NA,0.0679,0.12,0.7156,0.3791,0,6483.85394380093,0.185880606779855,1305.78375759743,0.648079708663014,1.1156455155308,0.766582620223538,0.0121759697638972,0.0668,0.12,0.9828,0.7818,0,3660.58299933692,0.366242560697583,1185.95429093588,0.365885719251157,2.19816837010163,0.696234688570282,0.199999998259476,0.0956,0.115,0.7836,0.363,0,6315.37784023742,0.173229513620792,1116.34675699047,0.63124004122749,1.03971432725904,0.655370398867861,3.4651924107898e-09,0.0546,0.059,0.548,0.1858,0,9326.83427933341,0.151715263948727,1489.25132377059,0.932243707969032,0.910586944997605,0.874290383308161,0.010105618418533,0.0812,0.12,0.8832,0.5724,0,4454.45163037978,0.245880645915681,1178.17185227802,0.445235154877303,1.47576255922453,0.691665875255392,0.0177770232641088,0.0679,0.12,0.7156,0.3791,0,6483.85394380093,0.185880606779855,1305.78375759743,0.648079708663014,1.1156455155308,0.766582620223538,0.0121759697638972,"output/ple.27.7e/baseline/1000_20/2over3_XSA/mp.rds",NA,NA,NA
"ple.27.7e","baseline","hr","default","11-20",NA,0.617597182028883,NA,NA,NA,NA,NA,NA,1,1,1,1.2,0.7,0.00265,0.017,0.3974,0.1659,0,12012.1449828228,0.0703202006236684,900.173297261183,1.2006481775131,0.422058104049208,0.528462083292724,0.199999999985802,0.0104,0.017,0.9602,0.6208,0,4363.48296358098,0.135643267457042,722.683063437409,0.436142576977272,0.814123676869743,0.424263415085163,0.299999999986374,2e-04,0.001,0.4606,0.0412,0,10406.5245909814,0.0728881869867755,808.6535213271,1.04016183639759,0.437471021618053,0.474733838298388,0.199999999961777,0,0,0.0844,8e-04,0,16843.6537144233,0.0598817757656424,1052.00450382778,1.68357126589823,0.359407233235911,0.617597182028883,0.199999999866795,0.0053,0.017,0.7104,0.331,0,6957.31043208249,0.0857573194537271,769.489053952325,0.695403036062066,0.51471087021899,0.451741669920482,0.200000000007212,0.00265,0.017,0.3974,0.1659,0,12012.1449828228,0.0703202006236684,900.173297261183,1.2006481775131,0.422058104049208,0.528462083292724,0.199999999985802,"output/ple.27.7e/baseline/1000_20/hr/mp_1_1_1_1.4_1_1_1.2_0.7.rds",1,1,1.4
"ple.27.7e","baseline","hr","multiplier","11-20",1,0.942100766255887,NA,NA,NA,NA,NA,NA,1,1,2.46,1.2,0.7,0.0068,0.017,0.80625,0.3323,0,6331.90065359236,0.219981968341806,1350.88880120474,0.632891543583678,1.32032007388935,0.793062305173374,0.19999999999707,0.0126,0.017,0.9702,0.6614,0,4203.03612975432,0.225956651517406,1073.25118213729,0.420105457970035,1.35617980453607,0.630070406814218,0.200000000601034,0.0072,0.011,0.7712,0.255,0,6855.31072644733,0.220478818870414,1556.55739795367,0.685207874344251,1.32330214433625,0.913803561814197,0.199999999966443,0.0037,0.005,0.7418,0.2064,0,7397.3897522843,0.216853894049638,1604.75837325702,0.7393902202425,1.30154553835947,0.942100766255887,0.199999999660266,0.0099,0.017,0.8707,0.4582,0,5291.06596733333,0.223051926038162,1268.75302330798,0.528857145819054,1.33874579670219,0.744843096236323,0.20000000000001,0.0068,0.017,0.80625,0.3323,0,6331.90065359236,0.219981968341806,1350.88880120474,0.632891543583678,1.32032007388935,0.793062305173374,0.19999999999707,"output/ple.27.7e/baseline/1000_20/hr/mp_1_1_1_1.4_1_2.46_1.2_0.7.rds",1,1,1.4
"ple.27.7e","baseline","hr","all","11-20",22,1.01338358371886,NA,NA,NA,NA,NA,NA,1,2,2.56,1.2,0.7,0.02515,0.042,0.73535,0.3525,0,6530.97169515776,0.20860264770992,1300.97555735597,0.652789262400169,1.25202199668441,0.763759884285665,0.200000000000063,0.0298,0.042,0.9758,0.7188,0,3964.95212916241,0.281744605724903,1198.05280527855,0.396308282543458,1.69101613851654,0.703337327710686,0.296160985832844,0.034,0.042,0.7402,0.2894,0,6887.33213049834,0.183224866540673,1301.67341729616,0.688408505078414,1.09970590386509,0.764169574862982,0.199999999996742,0.0184,0.022,0.6127,0.2009,0,8498.0392136252,0.196579582567735,1726.18030845794,0.849403275506939,1.17986019916726,1.01338358371886,0.199999999983536,0.0319,0.042,0.858,0.5041,0,4963.07644582073,0.223603553645891,1285.67973853766,0.49607365695752,1.34205663626457,0.754780213034601,0.200000000075517,0.02515,0.042,0.73535,0.3525,0,6530.97169515776,0.20860264770992,1300.97555735597,0.652789262400169,1.25202199668441,0.763759884285665,0.200000000000063,"output/ple.27.7e/baseline/1000_20/hr/mp_1_2_1_0.8_2_2.56_1.2_0.7.rds",1,2,0.8
"cod.27.47d20","baseline","hr","default","11-20",NA,-0.217157622935783,NA,NA,NA,NA,NA,NA,1,1,1,1.2,0.7,0.08,0.993,0.14765,0.0423,0,198417.787610801,0.114055583570427,27720.5557039751,2.20006913190008,0.264977117401291,0.500447980576904,0.200000000000011,0.2338,0.993,0.434,0.1094,0,101612.09503949,0.100212327503398,15915.3228119361,1.12668141508857,0.232816078254757,0.287324368476524,0.20000000000095,0,0,0.0018,0,0,234330.907958828,0.101262009090022,28286.5942226394,2.59827610950679,0.235254727835125,0.510666853409734,0.199999999999982,0.0431,0.111,0.0774,0.0299,0,229004.78847032,0.158193260081784,43362.8000573101,2.53921975563562,0.367519000267974,0.782842377064217,0.200000000000007,0.1169,0.993,0.2179,0.0547,0,168200.254045866,0.100577919756197,19098.3873782476,1.86501518518049,0.233665432387701,0.344789242242675,0.200000000000025,0.08,0.993,0.14765,0.0423,0,198417.787610801,0.114055583570427,27720.5557039751,2.20006913190008,0.264977117401291,0.500447980576904,0.200000000000011,"output/cod.27.47d20/baseline/1000_20/hr/mp_1_1_1_1.4_1_1_1.2_0.7.rds",1,1,1.4
"cod.27.47d20","baseline","hr","multiplier","11-20",1,0.69959268891922,NA,NA,NA,NA,NA,NA,1,1,0.83,1.2,0.7,0.06505,0.993,0.1212,0.03215,0,219352.263265469,0.0921109989158952,24368.7473881199,2.43219193820156,0.21399484540462,0.439936722402161,0.2,0.227,0.993,0.415,0.1094,0,105607.723847094,0.0802564032703479,13209.7179356043,1.17098520311075,0.186453917693919,0.238479225866158,0.200000000003879,0,0,6e-04,0,0,250694.434210704,0.0806886590593631,24334.9333575781,2.77971593619413,0.187458146416159,0.439326266988478,0.199999999999875,0.0166,0.054,0.0346,0.0096,0,256126.144891755,0.12748430788095,38888.4386520902,2.83994309196826,0.296175104792953,0.702065312075854,0.199999999999996,0.1135,0.993,0.2078,0.0547,0,180607.334847609,0.0804344276615614,15851.6615239538,2.00258569142184,0.186867508931929,0.286175071061571,0.200000000000013,0.06505,0.993,0.1212,0.03215,0,219352.263265469,0.0921109989158952,24368.7473881199,2.43219193820156,0.21399484540462,0.439936722402161,0.2,"output/cod.27.47d20/baseline/1000_20/hr/mp_1_1_1_1.4_1_0.83_1.2_0.7.rds",1,1,1.4
"cod.27.47d20","baseline","hr","all","11-20",11,0.829687645948917,NA,NA,NA,NA,NA,NA,1,4,1.67,1.2,0.7,0.1081,0.993,0.206,0.03915,0,170421.595128748,0.169047793762946,32209.1497668641,1.88964555731959,0.392736556090601,0.581481992246454,0.199999999993951,0.369,0.993,0.6452,0.1262,0,74041.7536307161,0.225310778263979,26625.0541002842,0.820979704471929,0.523448293147048,0.480670542810487,0.100907376910282,0.0186,0.037,0.0678,0.0056,0,177996.907491476,0.139510452435482,31950.0649203459,1.9736411057753,0.324114579720487,0.576804651372672,NA,0.0224,0.053,0.0555,0.0124,0,220767.416362289,0.159205034205719,46008.0934391387,2.44788324633838,0.369869582172244,0.830598697143318,0.2,0.1938,0.993,0.3565,0.0659,0,118638.064472104,0.178415962171744,31950.0648753978,1.31546645417409,0.414500946597274,0.576804650561211,0.121381271089811,0.1081,0.993,0.206,0.03915,0,170421.595128748,0.169047793762946,32209.1497668641,1.88964555731959,0.392736556090601,0.581481992246454,0.199999999993951,"output/cod.27.47d20/baseline/1000_20/hr/mp_0_1_1_1_4_1.67_1.2_0.7.rds",0,1,1
"her.27.3a47d","baseline","hr","default","11-20",NA,0.729969452170581,NA,NA,NA,NA,NA,NA,1,1,1,1.2,0.7,0.00045,0.002,0.006,0,0,2001183.78512826,0.116379245255806,284247.98129709,1.90088706810941,0.317097456453796,0.704434679479775,0.146290598767059,4e-04,0.001,0.0096,0,0,1797662.57407719,0.114565918068126,247023.260843974,1.70756607428167,0.312156700585617,0.612182893199865,0.200000000865564,2e-04,0.001,0.004,0,0,2095060.6319426,0.115210247217618,291919.606769762,1.99005892999956,0.313912298278091,0.723446807573949,0.127663037383074,6e-04,0.002,0.0052,0,0,2058003.69195148,0.117740315859089,294551.573385433,1.95485923543062,0.320805952976576,0.729969452170581,0.12299358823141,3e-04,0.001,0.0068,0,0,1936149.23283046,0.11492721941784,269207.211071296,1.83911196261341,0.313141135041741,0.667160043069737,0.180772317298993,0.00045,0.002,0.006,0,0,2001183.78512826,0.116379245255806,284247.98129709,1.90088706810941,0.317097456453796,0.704434679479775,0.146290598767059,"output/her.27.3a47d/baseline/1000_20/hr/mp_1_1_1_1.4_1_1_1.2_0.7.rds",1,1,1.4
"her.27.3a47d","baseline","hr","multiplier","11-20",1,0.921199722360814,NA,NA,NA,NA,NA,NA,1,1,1.69,1.2,0.7,0.03495,0.05,0.1161,0.00045,0,1501811.35867463,0.224625495310521,379201.127143009,1.42654253530315,0.612035015874849,0.939751351050631,0.127572963474772,0.0124,0.025,0.0652,0,0,1531518.72255459,0.218885243581727,387483.64154882,1.45476100491434,0.596394604918376,0.960277408453465,0.116968114416373,0.042,0.05,0.129,4e-04,0,1505823.01083812,0.230437483935482,388265.29917881,1.43035312870092,0.627870887690847,0.962214543554769,0.143765310176293,0.0427,0.05,0.1351,7e-04,0,1483958.49139303,0.225254770105249,371733.637387672,1.40958443040721,0.613749595105709,0.921245120229517,0.152741498826719,0.0272,0.05,0.0971,2e-04,0,1519068.6013098,0.223988102767644,388000.147318871,1.44293486748184,0.610298318290459,0.961557433644552,0.116968116541331,0.03495,0.05,0.1161,0.00045,0,1501811.35867463,0.224625495310521,379201.127143009,1.42654253530315,0.612035015874849,0.939751351050631,0.127572963474772,"output/her.27.3a47d/baseline/1000_20/hr/mp_1_1_1_1.4_1_1.69_1.2_0.7.rds",1,1,1.4
"her.27.3a47d","baseline","hr","all","11-20",14,0.936910412167364,NA,NA,NA,NA,NA,NA,1,1,1.69,1.2,0.7,0.03185,0.051,0.11635,0.00025,0,1478813.94462388,0.232569266378851,377228.979471257,1.40469772160143,0.633679335657831,0.934863896066085,0.0940368476335006,0.0098,0.021,0.0592,0,0,1523341.61692675,0.223819458956519,372636.435544033,1.44699372513822,0.609838816053296,0.923482470612832,0.0993849275253801,0.036,0.041,0.1238,0,0,1481362.24590883,0.235676216124986,387730.862128476,1.40711830535501,0.642144812982966,0.960890080350013,0.0907670654455934,0.0408,0.051,0.1412,5e-04,0,1453649.9139513,0.235493149633596,378104.564884035,1.38079487927256,0.64164601340187,0.93703380674335,0.0933085711634686,0.0229,0.041,0.0915,0,0,1505275.31236821,0.229622488269497,376451.294451924,1.42983288016282,0.625650276514546,0.93293660604689,0.0951036252506907,0.03185,0.051,0.11635,0.00025,0,1478813.94462388,0.232569266378851,377228.979471257,1.40469772160143,0.633679335657831,0.934863896066085,0.0940368476335006,"output/her.27.3a47d/baseline/1000_20/hr/mp_0_2_1_1_1_1.69_1.2_0.7.rds",0,2,1
"ple.27.7e","baseline","ICES_SAM","default","1-20",NA,-0.144643306238773,NA,NA,NA,NA,NA,NA,NA,1,NA,NA,NA,0.29415,0.398,0.92065,0.68605,5e-05,3467.54153595181,0.460194810392645,1456.99999999994,0.346590673984118,2.76206477576845,0.855356693761227,0.0925539320890704,0.1262,0.243,0.993,0.8502,0,3391.11522793748,0.498800158202785,1600.99999922675,0.33895164635311,2.9937720200368,0.939894348696206,0.0943057918299564,0.297,0.323,0.9428,0.669,0,3549.44586332947,0.435040517435708,1407.49999698353,0.354777245286501,2.61109004731282,0.826296872950459,0.0889777411574719,0.3767,0.398,0.8734,0.6125,1e-04,3601.57062257515,0.420364578430737,1337.49999789978,0.359987263753737,2.52300584196863,0.785202179896533,0.0934420907789478,0.2116,0.323,0.9679,0.7596,0,3426.95691044687,0.477084943545521,1558.49999120391,0.342534124823479,2.86343845662285,0.914943994305513,0.0915181283236243,0.29415,0.398,0.92065,0.68605,5e-05,3467.54153595181,0.460194810392645,1456.99999999994,0.346590673984118,2.76206477576845,0.855356693761227,0.0925539320890704,"output/ple.27.7e/baseline/1000_20/ICES_SAM/mp.rds",NA,NA,NA
"ple.27.7e","baseline","ICES_SAM","default","11-20",NA,-0.214797820103467,NA,NA,NA,NA,NA,NA,NA,1,NA,NA,NA,0.29415,0.398,0.92065,0.68605,5e-05,3467.54153595181,0.460194810392645,1456.99999999994,0.346590673984118,2.76206477576845,0.855356693761227,0.0925539320890704,0.1262,0.243,0.993,0.8502,0,3391.11522793748,0.498800158202785,1600.99999922675,0.33895164635311,2.9937720200368,0.939894348696206,0.0943057918299564,0.297,0.323,0.9428,0.669,0,3549.44586332947,0.435040517435708,1407.49999698353,0.354777245286501,2.61109004731282,0.826296872950459,0.0889777411574719,0.3767,0.398,0.8734,0.6125,1e-04,3601.57062257515,0.420364578430737,1337.49999789978,0.359987263753737,2.52300584196863,0.785202179896533,0.0934420907789478,0.2116,0.323,0.9679,0.7596,0,3426.95691044687,0.477084943545521,1558.49999120391,0.342534124823479,2.86343845662285,0.914943994305513,0.0915181283236243,0.29415,0.398,0.92065,0.68605,5e-05,3467.54153595181,0.460194810392645,1456.99999999994,0.346590673984118,2.76206477576845,0.855356693761227,0.0925539320890704,"output/ple.27.7e/baseline/1000_20/ICES_SAM/mp.rds",NA,NA,NA
"cod.27.47d20","baseline","ICES_SAM","default","1-20",NA,-0.278553344804618,NA,NA,NA,NA,NA,NA,NA,1,NA,NA,NA,0.21085,0.993,0.3761,0.1241,0,111249.220090589,0.222043245756533,39961.9999859643,1.2335384746319,0.515857070361331,0.721446655195382,0.560260532554243,0.3476,0.993,0.6202,0.1916,0,77830.6378222011,0.183534335231681,26553.4997812876,0.862991094954627,0.42639209384978,0.479378750004246,0.634903923185579,0.2348,0.275,0.382,0.1578,0,110541.494832164,0.229694814732184,39666.9999339002,1.22569117165732,0.533633409119119,0.716120925729419,0.562319678959646,0.1305,0.175,0.2511,0.0735,0,133878.922567444,0.230860463293333,44508.4999999982,1.48445806446761,0.536341476413742,0.803526061359302,0.445681166585525,0.2912,0.993,0.5011,0.1747,0,89986.2554272776,0.210734594695154,33128.999999999,0.997773361172449,0.489584496357174,0.598088340132168,0.631548491359395,0.21085,0.993,0.3761,0.1241,0,111249.220090589,0.222043245756533,39961.9999859643,1.2335384746319,0.515857070361331,0.721446655195382,0.560260532554243,"output/cod.27.47d20/baseline/1000_20/ICES_SAM/mp.rds",NA,NA,NA
"cod.27.47d20","baseline","ICES_SAM","default","11-20",NA,-0.196473938640698,NA,NA,NA,NA,NA,NA,NA,1,NA,NA,NA,0.21085,0.993,0.3761,0.1241,0,111249.220090589,0.222043245756533,39961.9999859643,1.2335384746319,0.515857070361331,0.721446655195382,0.560260532554243,0.3476,0.993,0.6202,0.1916,0,77830.6378222011,0.183534335231681,26553.4997812876,0.862991094954627,0.42639209384978,0.479378750004246,0.634903923185579,0.2348,0.275,0.382,0.1578,0,110541.494832164,0.229694814732184,39666.9999339002,1.22569117165732,0.533633409119119,0.716120925729419,0.562319678959646,0.1305,0.175,0.2511,0.0735,0,133878.922567444,0.230860463293333,44508.4999999982,1.48445806446761,0.536341476413742,0.803526061359302,0.445681166585525,0.2912,0.993,0.5011,0.1747,0,89986.2554272776,0.210734594695154,33128.999999999,0.997773361172449,0.489584496357174,0.598088340132168,0.631548491359395,0.21085,0.993,0.3761,0.1241,0,111249.220090589,0.222043245756533,39961.9999859643,1.2335384746319,0.515857070361331,0.721446655195382,0.560260532554243,"output/cod.27.47d20/baseline/1000_20/ICES_SAM/mp.rds",NA,NA,NA
"her.27.3a47d","baseline","ICES_SAM","default","1-20",NA,0.0745499366851514,NA,NA,NA,NA,NA,NA,NA,1,NA,NA,NA,0.08535,0.109,0.23785,0.00105,0,1293961.06834558,0.289240188373409,433593.999845716,1.22910942999546,0.788090074272492,1.07454993668515,0.149886010904463,0.0568,0.085,0.1794,6e-04,0,1344883.53429234,0.29674542909103,460740.999999486,1.27747972847269,0.80853953445244,1.14182671474667,0.111555533653443,0.0898,0.098,0.2528,0.0012,0,1283312.24644459,0.288556767308089,416788.499994849,1.21899431313682,0.786227963197416,1.03290187696307,0.168085095595063,0.0974,0.109,0.2596,0.0012,0,1270444.42808368,0.285307526443786,408672.999274168,1.20677141302199,0.777374786574629,1.01278971953312,0.168408716838802,0.0733,0.098,0.2161,9e-04,0,1315173.21534175,0.292968538610986,452891.999865867,1.24925845189515,0.79824867578693,1.12237500969627,0.13520826244586,0.08535,0.109,0.23785,0.00105,0,1293961.06834558,0.289240188373409,433593.999845716,1.22910942999546,0.788090074272492,1.07454993668515,0.149886010904463,"output/her.27.3a47d/baseline/1000_20/ICES_SAM/mp.rds",NA,NA,NA
"her.27.3a47d","baseline","ICES_SAM","default","11-20",NA,0.0127897195331235,NA,NA,NA,NA,NA,NA,NA,1,NA,NA,NA,0.08535,0.109,0.23785,0.00105,0,1293961.06834558,0.289240188373409,433593.999845716,1.22910942999546,0.788090074272492,1.07454993668515,0.149886010904463,0.0568,0.085,0.1794,6e-04,0,1344883.53429234,0.29674542909103,460740.999999486,1.27747972847269,0.80853953445244,1.14182671474667,0.111555533653443,0.0898,0.098,0.2528,0.0012,0,1283312.24644459,0.288556767308089,416788.499994849,1.21899431313682,0.786227963197416,1.03290187696307,0.168085095595063,0.0974,0.109,0.2596,0.0012,0,1270444.42808368,0.285307526443786,408672.999274168,1.20677141302199,0.777374786574629,1.01278971953312,0.168408716838802,0.0733,0.098,0.2161,9e-04,0,1315173.21534175,0.292968538610986,452891.999865867,1.24925845189515,0.79824867578693,1.12237500969627,0.13520826244586,0.08535,0.109,0.23785,0.00105,0,1293961.06834558,0.289240188373409,433593.999845716,1.22910942999546,0.788090074272492,1.07454993668515,0.149886010904463,"output/her.27.3a47d/baseline/1000_20/ICES_SAM/mp.rds",NA,NA,NA
